title,text,label
Shocking News: Aliens Found in USA!,A UFO has landed and aliens were discovered near Area 51.,0
Shocking News: Aliens Found in USA!,A UFO has landed and aliens were discovered near Area 51.,0
Shocking News: Aliens Found in USA!,A UFO has landed and aliens were discovered near Area 51.,0
Shocking News: Aliens Found in USA!,A UFO has landed and aliens were discovered near Area 51.,0
Shocking News: Aliens Found in USA!,A UFO has landed and aliens were discovered near Area 51.,0
Shocking News: Aliens Found in USA!,A UFO has landed and aliens were discovered near Area 51.,0
Shocking News: Aliens Found in USA!,A UFO has landed and aliens were discovered near Area 51.,0
Shocking News: Aliens Found in USA!,A UFO has landed and aliens were discovered near Area 51.,0
Shocking News: Aliens Found in USA!,A UFO has landed and aliens were discovered near Area 51.,0
Shocking News: Aliens Found in USA!,A UFO has landed and aliens were discovered near Area 51.,0
Shocking News: Aliens Found in USA!,A UFO has landed and aliens were discovered near Area 51.,0
Shocking News: Aliens Found in USA!,A UFO has landed and aliens were discovered near Area 51.,0
Shocking News: Aliens Found in USA!,A UFO has landed and aliens were discovered near Area 51.,0
Shocking News: Aliens Found in USA!,A UFO has landed and aliens were discovered near Area 51.,0
Shocking News: Aliens Found in USA!,A UFO has landed and aliens were discovered near Area 51.,0
Shocking News: Aliens Found in USA!,A UFO has landed and aliens were discovered near Area 51.,0
Shocking News: Aliens Found in USA!,A UFO has landed and aliens were discovered near Area 51.,0
Shocking News: Aliens Found in USA!,A UFO has landed and aliens were discovered near Area 51.,0
Shocking News: Aliens Found in USA!,A UFO has landed and aliens were discovered near Area 51.,0
Shocking News: Aliens Found in USA!,A UFO has landed and aliens were discovered near Area 51.,0
Shocking News: Aliens Found in USA!,A UFO has landed and aliens were discovered near Area 51.,0
Shocking News: Aliens Found in USA!,A UFO has landed and aliens were discovered near Area 51.,0
Shocking News: Aliens Found in USA!,A UFO has landed and aliens were discovered near Area 51.,0
Shocking News: Aliens Found in USA!,A UFO has landed and aliens were discovered near Area 51.,0
Shocking News: Aliens Found in USA!,A UFO has landed and aliens were discovered near Area 51.,0
Shocking News: Aliens Found in USA!,A UFO has landed and aliens were discovered near Area 51.,0
Shocking News: Aliens Found in USA!,A UFO has landed and aliens were discovered near Area 51.,0
Shocking News: Aliens Found in USA!,A UFO has landed and aliens were discovered near Area 51.,0
Shocking News: Aliens Found in USA!,A UFO has landed and aliens were discovered near Area 51.,0
Shocking News: Aliens Found in USA!,A UFO has landed and aliens were discovered near Area 51.,0
Shocking News: Aliens Found in USA!,A UFO has landed and aliens were discovered near Area 51.,0
Shocking News: Aliens Found in USA!,A UFO has landed and aliens were discovered near Area 51.,0
Shocking News: Aliens Found in USA!,A UFO has landed and aliens were discovered near Area 51.,0
Shocking News: Aliens Found in USA!,A UFO has landed and aliens were discovered near Area 51.,0
Shocking News: Aliens Found in USA!,A UFO has landed and aliens were discovered near Area 51.,0
Shocking News: Aliens Found in USA!,A UFO has landed and aliens were discovered near Area 51.,0
Shocking News: Aliens Found in USA!,A UFO has landed and aliens were discovered near Area 51.,0
Shocking News: Aliens Found in USA!,A UFO has landed and aliens were discovered near Area 51.,0
Shocking News: Aliens Found in USA!,A UFO has landed and aliens were discovered near Area 51.,0
Shocking News: Aliens Found in USA!,A UFO has landed and aliens were discovered near Area 51.,0
Shocking News: Aliens Found in USA!,A UFO has landed and aliens were discovered near Area 51.,0
Shocking News: Aliens Found in USA!,A UFO has landed and aliens were discovered near Area 51.,0
Shocking News: Aliens Found in USA!,A UFO has landed and aliens were discovered near Area 51.,0
Shocking News: Aliens Found in USA!,A UFO has landed and aliens were discovered near Area 51.,0
Shocking News: Aliens Found in USA!,A UFO has landed and aliens were discovered near Area 51.,0
Shocking News: Aliens Found in USA!,A UFO has landed and aliens were discovered near Area 51.,0
Shocking News: Aliens Found in USA!,A UFO has landed and aliens were discovered near Area 51.,0
Shocking News: Aliens Found in USA!,A UFO has landed and aliens were discovered near Area 51.,0
Shocking News: Aliens Found in USA!,A UFO has landed and aliens were discovered near Area 51.,0
Shocking News: Aliens Found in USA!,A UFO has landed and aliens were discovered near Area 51.,0
Shocking News: Aliens Found in USA!,A UFO has landed and aliens were discovered near Area 51.,0
Shocking News: Aliens Found in USA!,A UFO has landed and aliens were discovered near Area 51.,0
Shocking News: Aliens Found in USA!,A UFO has landed and aliens were discovered near Area 51.,0
Shocking News: Aliens Found in USA!,A UFO has landed and aliens were discovered near Area 51.,0
Shocking News: Aliens Found in USA!,A UFO has landed and aliens were discovered near Area 51.,0
Shocking News: Aliens Found in USA!,A UFO has landed and aliens were discovered near Area 51.,0
Shocking News: Aliens Found in USA!,A UFO has landed and aliens were discovered near Area 51.,0
Shocking News: Aliens Found in USA!,A UFO has landed and aliens were discovered near Area 51.,0
Shocking News: Aliens Found in USA!,A UFO has landed and aliens were discovered near Area 51.,0
Shocking News: Aliens Found in USA!,A UFO has landed and aliens were discovered near Area 51.,0
Shocking News: Aliens Found in USA!,A UFO has landed and aliens were discovered near Area 51.,0
Shocking News: Aliens Found in USA!,A UFO has landed and aliens were discovered near Area 51.,0
Shocking News: Aliens Found in USA!,A UFO has landed and aliens were discovered near Area 51.,0
Shocking News: Aliens Found in USA!,A UFO has landed and aliens were discovered near Area 51.,0
Shocking News: Aliens Found in USA!,A UFO has landed and aliens were discovered near Area 51.,0
Shocking News: Aliens Found in USA!,A UFO has landed and aliens were discovered near Area 51.,0
Shocking News: Aliens Found in USA!,A UFO has landed and aliens were discovered near Area 51.,0
Shocking News: Aliens Found in USA!,A UFO has landed and aliens were discovered near Area 51.,0
Shocking News: Aliens Found in USA!,A UFO has landed and aliens were discovered near Area 51.,0
Shocking News: Aliens Found in USA!,A UFO has landed and aliens were discovered near Area 51.,0
Shocking News: Aliens Found in USA!,A UFO has landed and aliens were discovered near Area 51.,0
Shocking News: Aliens Found in USA!,A UFO has landed and aliens were discovered near Area 51.,0
Shocking News: Aliens Found in USA!,A UFO has landed and aliens were discovered near Area 51.,0
Shocking News: Aliens Found in USA!,A UFO has landed and aliens were discovered near Area 51.,0
Shocking News: Aliens Found in USA!,A UFO has landed and aliens were discovered near Area 51.,0
Shocking News: Aliens Found in USA!,A UFO has landed and aliens were discovered near Area 51.,0
Shocking News: Aliens Found in USA!,A UFO has landed and aliens were discovered near Area 51.,0
Shocking News: Aliens Found in USA!,A UFO has landed and aliens were discovered near Area 51.,0
Shocking News: Aliens Found in USA!,A UFO has landed and aliens were discovered near Area 51.,0
Shocking News: Aliens Found in USA!,A UFO has landed and aliens were discovered near Area 51.,0
Shocking News: Aliens Found in USA!,A UFO has landed and aliens were discovered near Area 51.,0
Shocking News: Aliens Found in USA!,A UFO has landed and aliens were discovered near Area 51.,0
Shocking News: Aliens Found in USA!,A UFO has landed and aliens were discovered near Area 51.,0
Shocking News: Aliens Found in USA!,A UFO has landed and aliens were discovered near Area 51.,0
Shocking News: Aliens Found in USA!,A UFO has landed and aliens were discovered near Area 51.,0
Shocking News: Aliens Found in USA!,A UFO has landed and aliens were discovered near Area 51.,0
Shocking News: Aliens Found in USA!,A UFO has landed and aliens were discovered near Area 51.,0
Shocking News: Aliens Found in USA!,A UFO has landed and aliens were discovered near Area 51.,0
Shocking News: Aliens Found in USA!,A UFO has landed and aliens were discovered near Area 51.,0
Shocking News: Aliens Found in USA!,A UFO has landed and aliens were discovered near Area 51.,0
Shocking News: Aliens Found in USA!,A UFO has landed and aliens were discovered near Area 51.,0
Shocking News: Aliens Found in USA!,A UFO has landed and aliens were discovered near Area 51.,0
Shocking News: Aliens Found in USA!,A UFO has landed and aliens were discovered near Area 51.,0
Shocking News: Aliens Found in USA!,A UFO has landed and aliens were discovered near Area 51.,0
Shocking News: Aliens Found in USA!,A UFO has landed and aliens were discovered near Area 51.,0
Shocking News: Aliens Found in USA!,A UFO has landed and aliens were discovered near Area 51.,0
Shocking News: Aliens Found in USA!,A UFO has landed and aliens were discovered near Area 51.,0
Shocking News: Aliens Found in USA!,A UFO has landed and aliens were discovered near Area 51.,0
Shocking News: Aliens Found in USA!,A UFO has landed and aliens were discovered near Area 51.,0
Shocking News: Aliens Found in USA!,A UFO has landed and aliens were discovered near Area 51.,0
Shocking News: Aliens Found in USA!,A UFO has landed and aliens were discovered near Area 51.,0
Shocking News: Aliens Found in USA!,A UFO has landed and aliens were discovered near Area 51.,0
Shocking News: Aliens Found in USA!,A UFO has landed and aliens were discovered near Area 51.,0
Shocking News: Aliens Found in USA!,A UFO has landed and aliens were discovered near Area 51.,0
Shocking News: Aliens Found in USA!,A UFO has landed and aliens were discovered near Area 51.,0
Shocking News: Aliens Found in USA!,A UFO has landed and aliens were discovered near Area 51.,0
Shocking News: Aliens Found in USA!,A UFO has landed and aliens were discovered near Area 51.,0
Shocking News: Aliens Found in USA!,A UFO has landed and aliens were discovered near Area 51.,0
Shocking News: Aliens Found in USA!,A UFO has landed and aliens were discovered near Area 51.,0
Shocking News: Aliens Found in USA!,A UFO has landed and aliens were discovered near Area 51.,0
Shocking News: Aliens Found in USA!,A UFO has landed and aliens were discovered near Area 51.,0
Shocking News: Aliens Found in USA!,A UFO has landed and aliens were discovered near Area 51.,0
Shocking News: Aliens Found in USA!,A UFO has landed and aliens were discovered near Area 51.,0
Shocking News: Aliens Found in USA!,A UFO has landed and aliens were discovered near Area 51.,0
Shocking News: Aliens Found in USA!,A UFO has landed and aliens were discovered near Area 51.,0
Shocking News: Aliens Found in USA!,A UFO has landed and aliens were discovered near Area 51.,0
Shocking News: Aliens Found in USA!,A UFO has landed and aliens were discovered near Area 51.,0
Shocking News: Aliens Found in USA!,A UFO has landed and aliens were discovered near Area 51.,0
Shocking News: Aliens Found in USA!,A UFO has landed and aliens were discovered near Area 51.,0
Shocking News: Aliens Found in USA!,A UFO has landed and aliens were discovered near Area 51.,0
Shocking News: Aliens Found in USA!,A UFO has landed and aliens were discovered near Area 51.,0
Shocking News: Aliens Found in USA!,A UFO has landed and aliens were discovered near Area 51.,0
Shocking News: Aliens Found in USA!,A UFO has landed and aliens were discovered near Area 51.,0
Shocking News: Aliens Found in USA!,A UFO has landed and aliens were discovered near Area 51.,0
Shocking News: Aliens Found in USA!,A UFO has landed and aliens were discovered near Area 51.,0
Shocking News: Aliens Found in USA!,A UFO has landed and aliens were discovered near Area 51.,0
Shocking News: Aliens Found in USA!,A UFO has landed and aliens were discovered near Area 51.,0
Shocking News: Aliens Found in USA!,A UFO has landed and aliens were discovered near Area 51.,0
Shocking News: Aliens Found in USA!,A UFO has landed and aliens were discovered near Area 51.,0
Shocking News: Aliens Found in USA!,A UFO has landed and aliens were discovered near Area 51.,0
Shocking News: Aliens Found in USA!,A UFO has landed and aliens were discovered near Area 51.,0
Shocking News: Aliens Found in USA!,A UFO has landed and aliens were discovered near Area 51.,0
Shocking News: Aliens Found in USA!,A UFO has landed and aliens were discovered near Area 51.,0
Shocking News: Aliens Found in USA!,A UFO has landed and aliens were discovered near Area 51.,0
Shocking News: Aliens Found in USA!,A UFO has landed and aliens were discovered near Area 51.,0
Shocking News: Aliens Found in USA!,A UFO has landed and aliens were discovered near Area 51.,0
Shocking News: Aliens Found in USA!,A UFO has landed and aliens were discovered near Area 51.,0
Shocking News: Aliens Found in USA!,A UFO has landed and aliens were discovered near Area 51.,0
Shocking News: Aliens Found in USA!,A UFO has landed and aliens were discovered near Area 51.,0
Shocking News: Aliens Found in USA!,A UFO has landed and aliens were discovered near Area 51.,0
Shocking News: Aliens Found in USA!,A UFO has landed and aliens were discovered near Area 51.,0
Shocking News: Aliens Found in USA!,A UFO has landed and aliens were discovered near Area 51.,0
Shocking News: Aliens Found in USA!,A UFO has landed and aliens were discovered near Area 51.,0
Shocking News: Aliens Found in USA!,A UFO has landed and aliens were discovered near Area 51.,0
Shocking News: Aliens Found in USA!,A UFO has landed and aliens were discovered near Area 51.,0
Shocking News: Aliens Found in USA!,A UFO has landed and aliens were discovered near Area 51.,0
Shocking News: Aliens Found in USA!,A UFO has landed and aliens were discovered near Area 51.,0
Shocking News: Aliens Found in USA!,A UFO has landed and aliens were discovered near Area 51.,0
Shocking News: Aliens Found in USA!,A UFO has landed and aliens were discovered near Area 51.,0
Shocking News: Aliens Found in USA!,A UFO has landed and aliens were discovered near Area 51.,0
Shocking News: Aliens Found in USA!,A UFO has landed and aliens were discovered near Area 51.,0
Shocking News: Aliens Found in USA!,A UFO has landed and aliens were discovered near Area 51.,0
Shocking News: Aliens Found in USA!,A UFO has landed and aliens were discovered near Area 51.,0
Shocking News: Aliens Found in USA!,A UFO has landed and aliens were discovered near Area 51.,0
Shocking News: Aliens Found in USA!,A UFO has landed and aliens were discovered near Area 51.,0
Shocking News: Aliens Found in USA!,A UFO has landed and aliens were discovered near Area 51.,0
Shocking News: Aliens Found in USA!,A UFO has landed and aliens were discovered near Area 51.,0
Shocking News: Aliens Found in USA!,A UFO has landed and aliens were discovered near Area 51.,0
Shocking News: Aliens Found in USA!,A UFO has landed and aliens were discovered near Area 51.,0
Shocking News: Aliens Found in USA!,A UFO has landed and aliens were discovered near Area 51.,0
Shocking News: Aliens Found in USA!,A UFO has landed and aliens were discovered near Area 51.,0
Shocking News: Aliens Found in USA!,A UFO has landed and aliens were discovered near Area 51.,0
Shocking News: Aliens Found in USA!,A UFO has landed and aliens were discovered near Area 51.,0
Shocking News: Aliens Found in USA!,A UFO has landed and aliens were discovered near Area 51.,0
Shocking News: Aliens Found in USA!,A UFO has landed and aliens were discovered near Area 51.,0
Shocking News: Aliens Found in USA!,A UFO has landed and aliens were discovered near Area 51.,0
Shocking News: Aliens Found in USA!,A UFO has landed and aliens were discovered near Area 51.,0
Shocking News: Aliens Found in USA!,A UFO has landed and aliens were discovered near Area 51.,0
Shocking News: Aliens Found in USA!,A UFO has landed and aliens were discovered near Area 51.,0
Shocking News: Aliens Found in USA!,A UFO has landed and aliens were discovered near Area 51.,0
Shocking News: Aliens Found in USA!,A UFO has landed and aliens were discovered near Area 51.,0
Shocking News: Aliens Found in USA!,A UFO has landed and aliens were discovered near Area 51.,0
Shocking News: Aliens Found in USA!,A UFO has landed and aliens were discovered near Area 51.,0
Shocking News: Aliens Found in USA!,A UFO has landed and aliens were discovered near Area 51.,0
Shocking News: Aliens Found in USA!,A UFO has landed and aliens were discovered near Area 51.,0
Shocking News: Aliens Found in USA!,A UFO has landed and aliens were discovered near Area 51.,0
Shocking News: Aliens Found in USA!,A UFO has landed and aliens were discovered near Area 51.,0
Shocking News: Aliens Found in USA!,A UFO has landed and aliens were discovered near Area 51.,0
Shocking News: Aliens Found in USA!,A UFO has landed and aliens were discovered near Area 51.,0
Shocking News: Aliens Found in USA!,A UFO has landed and aliens were discovered near Area 51.,0
Shocking News: Aliens Found in USA!,A UFO has landed and aliens were discovered near Area 51.,0
Shocking News: Aliens Found in USA!,A UFO has landed and aliens were discovered near Area 51.,0
Shocking News: Aliens Found in USA!,A UFO has landed and aliens were discovered near Area 51.,0
Shocking News: Aliens Found in USA!,A UFO has landed and aliens were discovered near Area 51.,0
Shocking News: Aliens Found in USA!,A UFO has landed and aliens were discovered near Area 51.,0
Shocking News: Aliens Found in USA!,A UFO has landed and aliens were discovered near Area 51.,0
Shocking News: Aliens Found in USA!,A UFO has landed and aliens were discovered near Area 51.,0
Shocking News: Aliens Found in USA!,A UFO has landed and aliens were discovered near Area 51.,0
Shocking News: Aliens Found in USA!,A UFO has landed and aliens were discovered near Area 51.,0
Shocking News: Aliens Found in USA!,A UFO has landed and aliens were discovered near Area 51.,0
Shocking News: Aliens Found in USA!,A UFO has landed and aliens were discovered near Area 51.,0
Shocking News: Aliens Found in USA!,A UFO has landed and aliens were discovered near Area 51.,0
Shocking News: Aliens Found in USA!,A UFO has landed and aliens were discovered near Area 51.,0
Shocking News: Aliens Found in USA!,A UFO has landed and aliens were discovered near Area 51.,0
Shocking News: Aliens Found in USA!,A UFO has landed and aliens were discovered near Area 51.,0
Shocking News: Aliens Found in USA!,A UFO has landed and aliens were discovered near Area 51.,0
Shocking News: Aliens Found in USA!,A UFO has landed and aliens were discovered near Area 51.,0
Shocking News: Aliens Found in USA!,A UFO has landed and aliens were discovered near Area 51.,0
Shocking News: Aliens Found in USA!,A UFO has landed and aliens were discovered near Area 51.,0
Shocking News: Aliens Found in USA!,A UFO has landed and aliens were discovered near Area 51.,0
Shocking News: Aliens Found in USA!,A UFO has landed and aliens were discovered near Area 51.,0
Shocking News: Aliens Found in USA!,A UFO has landed and aliens were discovered near Area 51.,0
Shocking News: Aliens Found in USA!,A UFO has landed and aliens were discovered near Area 51.,0
Shocking News: Aliens Found in USA!,A UFO has landed and aliens were discovered near Area 51.,0
Shocking News: Aliens Found in USA!,A UFO has landed and aliens were discovered near Area 51.,0
Shocking News: Aliens Found in USA!,A UFO has landed and aliens were discovered near Area 51.,0
Shocking News: Aliens Found in USA!,A UFO has landed and aliens were discovered near Area 51.,0
Shocking News: Aliens Found in USA!,A UFO has landed and aliens were discovered near Area 51.,0
Shocking News: Aliens Found in USA!,A UFO has landed and aliens were discovered near Area 51.,0
Shocking News: Aliens Found in USA!,A UFO has landed and aliens were discovered near Area 51.,0
Shocking News: Aliens Found in USA!,A UFO has landed and aliens were discovered near Area 51.,0
Shocking News: Aliens Found in USA!,A UFO has landed and aliens were discovered near Area 51.,0
Shocking News: Aliens Found in USA!,A UFO has landed and aliens were discovered near Area 51.,0
Shocking News: Aliens Found in USA!,A UFO has landed and aliens were discovered near Area 51.,0
Shocking News: Aliens Found in USA!,A UFO has landed and aliens were discovered near Area 51.,0
Shocking News: Aliens Found in USA!,A UFO has landed and aliens were discovered near Area 51.,0
Shocking News: Aliens Found in USA!,A UFO has landed and aliens were discovered near Area 51.,0
Shocking News: Aliens Found in USA!,A UFO has landed and aliens were discovered near Area 51.,0
Shocking News: Aliens Found in USA!,A UFO has landed and aliens were discovered near Area 51.,0
Shocking News: Aliens Found in USA!,A UFO has landed and aliens were discovered near Area 51.,0
Shocking News: Aliens Found in USA!,A UFO has landed and aliens were discovered near Area 51.,0
Shocking News: Aliens Found in USA!,A UFO has landed and aliens were discovered near Area 51.,0
Shocking News: Aliens Found in USA!,A UFO has landed and aliens were discovered near Area 51.,0
Shocking News: Aliens Found in USA!,A UFO has landed and aliens were discovered near Area 51.,0
Shocking News: Aliens Found in USA!,A UFO has landed and aliens were discovered near Area 51.,0
Shocking News: Aliens Found in USA!,A UFO has landed and aliens were discovered near Area 51.,0
Shocking News: Aliens Found in USA!,A UFO has landed and aliens were discovered near Area 51.,0
Shocking News: Aliens Found in USA!,A UFO has landed and aliens were discovered near Area 51.,0
Shocking News: Aliens Found in USA!,A UFO has landed and aliens were discovered near Area 51.,0
Shocking News: Aliens Found in USA!,A UFO has landed and aliens were discovered near Area 51.,0
Shocking News: Aliens Found in USA!,A UFO has landed and aliens were discovered near Area 51.,0
Shocking News: Aliens Found in USA!,A UFO has landed and aliens were discovered near Area 51.,0
Shocking News: Aliens Found in USA!,A UFO has landed and aliens were discovered near Area 51.,0
Shocking News: Aliens Found in USA!,A UFO has landed and aliens were discovered near Area 51.,0
Shocking News: Aliens Found in USA!,A UFO has landed and aliens were discovered near Area 51.,0
Shocking News: Aliens Found in USA!,A UFO has landed and aliens were discovered near Area 51.,0
Shocking News: Aliens Found in USA!,A UFO has landed and aliens were discovered near Area 51.,0
Shocking News: Aliens Found in USA!,A UFO has landed and aliens were discovered near Area 51.,0
Shocking News: Aliens Found in USA!,A UFO has landed and aliens were discovered near Area 51.,0
Shocking News: Aliens Found in USA!,A UFO has landed and aliens were discovered near Area 51.,0
Shocking News: Aliens Found in USA!,A UFO has landed and aliens were discovered near Area 51.,0
Shocking News: Aliens Found in USA!,A UFO has landed and aliens were discovered near Area 51.,0
Shocking News: Aliens Found in USA!,A UFO has landed and aliens were discovered near Area 51.,0
Shocking News: Aliens Found in USA!,A UFO has landed and aliens were discovered near Area 51.,0
Shocking News: Aliens Found in USA!,A UFO has landed and aliens were discovered near Area 51.,0
Shocking News: Aliens Found in USA!,A UFO has landed and aliens were discovered near Area 51.,0
Shocking News: Aliens Found in USA!,A UFO has landed and aliens were discovered near Area 51.,0
Shocking News: Aliens Found in USA!,A UFO has landed and aliens were discovered near Area 51.,0
Shocking News: Aliens Found in USA!,A UFO has landed and aliens were discovered near Area 51.,0
Shocking News: Aliens Found in USA!,A UFO has landed and aliens were discovered near Area 51.,0
Shocking News: Aliens Found in USA!,A UFO has landed and aliens were discovered near Area 51.,0
Shocking News: Aliens Found in USA!,A UFO has landed and aliens were discovered near Area 51.,0
Shocking News: Aliens Found in USA!,A UFO has landed and aliens were discovered near Area 51.,0
Shocking News: Aliens Found in USA!,A UFO has landed and aliens were discovered near Area 51.,0
Shocking News: Aliens Found in USA!,A UFO has landed and aliens were discovered near Area 51.,0
Shocking News: Aliens Found in USA!,A UFO has landed and aliens were discovered near Area 51.,0
Shocking News: Aliens Found in USA!,A UFO has landed and aliens were discovered near Area 51.,0
Shocking News: Aliens Found in USA!,A UFO has landed and aliens were discovered near Area 51.,0
Shocking News: Aliens Found in USA!,A UFO has landed and aliens were discovered near Area 51.,0
Shocking News: Aliens Found in USA!,A UFO has landed and aliens were discovered near Area 51.,0
Shocking News: Aliens Found in USA!,A UFO has landed and aliens were discovered near Area 51.,0
Shocking News: Aliens Found in USA!,A UFO has landed and aliens were discovered near Area 51.,0
Shocking News: Aliens Found in USA!,A UFO has landed and aliens were discovered near Area 51.,0
Shocking News: Aliens Found in USA!,A UFO has landed and aliens were discovered near Area 51.,0
Shocking News: Aliens Found in USA!,A UFO has landed and aliens were discovered near Area 51.,0
Shocking News: Aliens Found in USA!,A UFO has landed and aliens were discovered near Area 51.,0
Shocking News: Aliens Found in USA!,A UFO has landed and aliens were discovered near Area 51.,0
Shocking News: Aliens Found in USA!,A UFO has landed and aliens were discovered near Area 51.,0
Shocking News: Aliens Found in USA!,A UFO has landed and aliens were discovered near Area 51.,0
Shocking News: Aliens Found in USA!,A UFO has landed and aliens were discovered near Area 51.,0
Shocking News: Aliens Found in USA!,A UFO has landed and aliens were discovered near Area 51.,0
Shocking News: Aliens Found in USA!,A UFO has landed and aliens were discovered near Area 51.,0
Shocking News: Aliens Found in USA!,A UFO has landed and aliens were discovered near Area 51.,0
Shocking News: Aliens Found in USA!,A UFO has landed and aliens were discovered near Area 51.,0
Shocking News: Aliens Found in USA!,A UFO has landed and aliens were discovered near Area 51.,0
Shocking News: Aliens Found in USA!,A UFO has landed and aliens were discovered near Area 51.,0
Shocking News: Aliens Found in USA!,A UFO has landed and aliens were discovered near Area 51.,0
Shocking News: Aliens Found in USA!,A UFO has landed and aliens were discovered near Area 51.,0
Shocking News: Aliens Found in USA!,A UFO has landed and aliens were discovered near Area 51.,0
Shocking News: Aliens Found in USA!,A UFO has landed and aliens were discovered near Area 51.,0
Shocking News: Aliens Found in USA!,A UFO has landed and aliens were discovered near Area 51.,0
Shocking News: Aliens Found in USA!,A UFO has landed and aliens were discovered near Area 51.,0
Shocking News: Aliens Found in USA!,A UFO has landed and aliens were discovered near Area 51.,0
Shocking News: Aliens Found in USA!,A UFO has landed and aliens were discovered near Area 51.,0
Shocking News: Aliens Found in USA!,A UFO has landed and aliens were discovered near Area 51.,0
Shocking News: Aliens Found in USA!,A UFO has landed and aliens were discovered near Area 51.,0
Shocking News: Aliens Found in USA!,A UFO has landed and aliens were discovered near Area 51.,0
Shocking News: Aliens Found in USA!,A UFO has landed and aliens were discovered near Area 51.,0
Shocking News: Aliens Found in USA!,A UFO has landed and aliens were discovered near Area 51.,0
Shocking News: Aliens Found in USA!,A UFO has landed and aliens were discovered near Area 51.,0
Shocking News: Aliens Found in USA!,A UFO has landed and aliens were discovered near Area 51.,0
Shocking News: Aliens Found in USA!,A UFO has landed and aliens were discovered near Area 51.,0
Shocking News: Aliens Found in USA!,A UFO has landed and aliens were discovered near Area 51.,0
Shocking News: Aliens Found in USA!,A UFO has landed and aliens were discovered near Area 51.,0
Shocking News: Aliens Found in USA!,A UFO has landed and aliens were discovered near Area 51.,0
Shocking News: Aliens Found in USA!,A UFO has landed and aliens were discovered near Area 51.,0
Shocking News: Aliens Found in USA!,A UFO has landed and aliens were discovered near Area 51.,0
Shocking News: Aliens Found in USA!,A UFO has landed and aliens were discovered near Area 51.,0
Shocking News: Aliens Found in USA!,A UFO has landed and aliens were discovered near Area 51.,0
Shocking News: Aliens Found in USA!,A UFO has landed and aliens were discovered near Area 51.,0
Shocking News: Aliens Found in USA!,A UFO has landed and aliens were discovered near Area 51.,0
Shocking News: Aliens Found in USA!,A UFO has landed and aliens were discovered near Area 51.,0
Shocking News: Aliens Found in USA!,A UFO has landed and aliens were discovered near Area 51.,0
Shocking News: Aliens Found in USA!,A UFO has landed and aliens were discovered near Area 51.,0
Shocking News: Aliens Found in USA!,A UFO has landed and aliens were discovered near Area 51.,0
Shocking News: Aliens Found in USA!,A UFO has landed and aliens were discovered near Area 51.,0
Shocking News: Aliens Found in USA!,A UFO has landed and aliens were discovered near Area 51.,0
Shocking News: Aliens Found in USA!,A UFO has landed and aliens were discovered near Area 51.,0
Shocking News: Aliens Found in USA!,A UFO has landed and aliens were discovered near Area 51.,0
Shocking News: Aliens Found in USA!,A UFO has landed and aliens were discovered near Area 51.,0
Shocking News: Aliens Found in USA!,A UFO has landed and aliens were discovered near Area 51.,0
Shocking News: Aliens Found in USA!,A UFO has landed and aliens were discovered near Area 51.,0
Shocking News: Aliens Found in USA!,A UFO has landed and aliens were discovered near Area 51.,0
Shocking News: Aliens Found in USA!,A UFO has landed and aliens were discovered near Area 51.,0
Shocking News: Aliens Found in USA!,A UFO has landed and aliens were discovered near Area 51.,0
Shocking News: Aliens Found in USA!,A UFO has landed and aliens were discovered near Area 51.,0
Shocking News: Aliens Found in USA!,A UFO has landed and aliens were discovered near Area 51.,0
Shocking News: Aliens Found in USA!,A UFO has landed and aliens were discovered near Area 51.,0
Shocking News: Aliens Found in USA!,A UFO has landed and aliens were discovered near Area 51.,0
Shocking News: Aliens Found in USA!,A UFO has landed and aliens were discovered near Area 51.,0
Shocking News: Aliens Found in USA!,A UFO has landed and aliens were discovered near Area 51.,0
Shocking News: Aliens Found in USA!,A UFO has landed and aliens were discovered near Area 51.,0
Shocking News: Aliens Found in USA!,A UFO has landed and aliens were discovered near Area 51.,0
Shocking News: Aliens Found in USA!,A UFO has landed and aliens were discovered near Area 51.,0
Shocking News: Aliens Found in USA!,A UFO has landed and aliens were discovered near Area 51.,0
Shocking News: Aliens Found in USA!,A UFO has landed and aliens were discovered near Area 51.,0
Shocking News: Aliens Found in USA!,A UFO has landed and aliens were discovered near Area 51.,0
Shocking News: Aliens Found in USA!,A UFO has landed and aliens were discovered near Area 51.,0
Shocking News: Aliens Found in USA!,A UFO has landed and aliens were discovered near Area 51.,0
Shocking News: Aliens Found in USA!,A UFO has landed and aliens were discovered near Area 51.,0
Shocking News: Aliens Found in USA!,A UFO has landed and aliens were discovered near Area 51.,0
Shocking News: Aliens Found in USA!,A UFO has landed and aliens were discovered near Area 51.,0
Shocking News: Aliens Found in USA!,A UFO has landed and aliens were discovered near Area 51.,0
Shocking News: Aliens Found in USA!,A UFO has landed and aliens were discovered near Area 51.,0
Shocking News: Aliens Found in USA!,A UFO has landed and aliens were discovered near Area 51.,0
Shocking News: Aliens Found in USA!,A UFO has landed and aliens were discovered near Area 51.,0
Shocking News: Aliens Found in USA!,A UFO has landed and aliens were discovered near Area 51.,0
Shocking News: Aliens Found in USA!,A UFO has landed and aliens were discovered near Area 51.,0
Shocking News: Aliens Found in USA!,A UFO has landed and aliens were discovered near Area 51.,0
Shocking News: Aliens Found in USA!,A UFO has landed and aliens were discovered near Area 51.,0
Shocking News: Aliens Found in USA!,A UFO has landed and aliens were discovered near Area 51.,0
Shocking News: Aliens Found in USA!,A UFO has landed and aliens were discovered near Area 51.,0
Shocking News: Aliens Found in USA!,A UFO has landed and aliens were discovered near Area 51.,0
Shocking News: Aliens Found in USA!,A UFO has landed and aliens were discovered near Area 51.,0
Shocking News: Aliens Found in USA!,A UFO has landed and aliens were discovered near Area 51.,0
Shocking News: Aliens Found in USA!,A UFO has landed and aliens were discovered near Area 51.,0
Shocking News: Aliens Found in USA!,A UFO has landed and aliens were discovered near Area 51.,0
Shocking News: Aliens Found in USA!,A UFO has landed and aliens were discovered near Area 51.,0
Shocking News: Aliens Found in USA!,A UFO has landed and aliens were discovered near Area 51.,0
Shocking News: Aliens Found in USA!,A UFO has landed and aliens were discovered near Area 51.,0
Shocking News: Aliens Found in USA!,A UFO has landed and aliens were discovered near Area 51.,0
Shocking News: Aliens Found in USA!,A UFO has landed and aliens were discovered near Area 51.,0
Shocking News: Aliens Found in USA!,A UFO has landed and aliens were discovered near Area 51.,0
Shocking News: Aliens Found in USA!,A UFO has landed and aliens were discovered near Area 51.,0
Shocking News: Aliens Found in USA!,A UFO has landed and aliens were discovered near Area 51.,0
Shocking News: Aliens Found in USA!,A UFO has landed and aliens were discovered near Area 51.,0
Shocking News: Aliens Found in USA!,A UFO has landed and aliens were discovered near Area 51.,0
Shocking News: Aliens Found in USA!,A UFO has landed and aliens were discovered near Area 51.,0
Shocking News: Aliens Found in USA!,A UFO has landed and aliens were discovered near Area 51.,0
Shocking News: Aliens Found in USA!,A UFO has landed and aliens were discovered near Area 51.,0
Shocking News: Aliens Found in USA!,A UFO has landed and aliens were discovered near Area 51.,0
Shocking News: Aliens Found in USA!,A UFO has landed and aliens were discovered near Area 51.,0
Shocking News: Aliens Found in USA!,A UFO has landed and aliens were discovered near Area 51.,0
Shocking News: Aliens Found in USA!,A UFO has landed and aliens were discovered near Area 51.,0
Shocking News: Aliens Found in USA!,A UFO has landed and aliens were discovered near Area 51.,0
Shocking News: Aliens Found in USA!,A UFO has landed and aliens were discovered near Area 51.,0
Shocking News: Aliens Found in USA!,A UFO has landed and aliens were discovered near Area 51.,0
Shocking News: Aliens Found in USA!,A UFO has landed and aliens were discovered near Area 51.,0
Shocking News: Aliens Found in USA!,A UFO has landed and aliens were discovered near Area 51.,0
Shocking News: Aliens Found in USA!,A UFO has landed and aliens were discovered near Area 51.,0
Shocking News: Aliens Found in USA!,A UFO has landed and aliens were discovered near Area 51.,0
Shocking News: Aliens Found in USA!,A UFO has landed and aliens were discovered near Area 51.,0
Shocking News: Aliens Found in USA!,A UFO has landed and aliens were discovered near Area 51.,0
Shocking News: Aliens Found in USA!,A UFO has landed and aliens were discovered near Area 51.,0
Shocking News: Aliens Found in USA!,A UFO has landed and aliens were discovered near Area 51.,0
Shocking News: Aliens Found in USA!,A UFO has landed and aliens were discovered near Area 51.,0
Shocking News: Aliens Found in USA!,A UFO has landed and aliens were discovered near Area 51.,0
Shocking News: Aliens Found in USA!,A UFO has landed and aliens were discovered near Area 51.,0
Shocking News: Aliens Found in USA!,A UFO has landed and aliens were discovered near Area 51.,0
Shocking News: Aliens Found in USA!,A UFO has landed and aliens were discovered near Area 51.,0
Shocking News: Aliens Found in USA!,A UFO has landed and aliens were discovered near Area 51.,0
Shocking News: Aliens Found in USA!,A UFO has landed and aliens were discovered near Area 51.,0
Shocking News: Aliens Found in USA!,A UFO has landed and aliens were discovered near Area 51.,0
Shocking News: Aliens Found in USA!,A UFO has landed and aliens were discovered near Area 51.,0
Shocking News: Aliens Found in USA!,A UFO has landed and aliens were discovered near Area 51.,0
Shocking News: Aliens Found in USA!,A UFO has landed and aliens were discovered near Area 51.,0
Shocking News: Aliens Found in USA!,A UFO has landed and aliens were discovered near Area 51.,0
Shocking News: Aliens Found in USA!,A UFO has landed and aliens were discovered near Area 51.,0
Shocking News: Aliens Found in USA!,A UFO has landed and aliens were discovered near Area 51.,0
Shocking News: Aliens Found in USA!,A UFO has landed and aliens were discovered near Area 51.,0
Shocking News: Aliens Found in USA!,A UFO has landed and aliens were discovered near Area 51.,0
Shocking News: Aliens Found in USA!,A UFO has landed and aliens were discovered near Area 51.,0
Shocking News: Aliens Found in USA!,A UFO has landed and aliens were discovered near Area 51.,0
Shocking News: Aliens Found in USA!,A UFO has landed and aliens were discovered near Area 51.,0
Shocking News: Aliens Found in USA!,A UFO has landed and aliens were discovered near Area 51.,0
Shocking News: Aliens Found in USA!,A UFO has landed and aliens were discovered near Area 51.,0
Shocking News: Aliens Found in USA!,A UFO has landed and aliens were discovered near Area 51.,0
Shocking News: Aliens Found in USA!,A UFO has landed and aliens were discovered near Area 51.,0
Shocking News: Aliens Found in USA!,A UFO has landed and aliens were discovered near Area 51.,0
Shocking News: Aliens Found in USA!,A UFO has landed and aliens were discovered near Area 51.,0
Shocking News: Aliens Found in USA!,A UFO has landed and aliens were discovered near Area 51.,0
Shocking News: Aliens Found in USA!,A UFO has landed and aliens were discovered near Area 51.,0
Shocking News: Aliens Found in USA!,A UFO has landed and aliens were discovered near Area 51.,0
Shocking News: Aliens Found in USA!,A UFO has landed and aliens were discovered near Area 51.,0
Shocking News: Aliens Found in USA!,A UFO has landed and aliens were discovered near Area 51.,0
Shocking News: Aliens Found in USA!,A UFO has landed and aliens were discovered near Area 51.,0
Shocking News: Aliens Found in USA!,A UFO has landed and aliens were discovered near Area 51.,0
Shocking News: Aliens Found in USA!,A UFO has landed and aliens were discovered near Area 51.,0
Shocking News: Aliens Found in USA!,A UFO has landed and aliens were discovered near Area 51.,0
Shocking News: Aliens Found in USA!,A UFO has landed and aliens were discovered near Area 51.,0
Shocking News: Aliens Found in USA!,A UFO has landed and aliens were discovered near Area 51.,0
Shocking News: Aliens Found in USA!,A UFO has landed and aliens were discovered near Area 51.,0
Shocking News: Aliens Found in USA!,A UFO has landed and aliens were discovered near Area 51.,0
Shocking News: Aliens Found in USA!,A UFO has landed and aliens were discovered near Area 51.,0
Shocking News: Aliens Found in USA!,A UFO has landed and aliens were discovered near Area 51.,0
Shocking News: Aliens Found in USA!,A UFO has landed and aliens were discovered near Area 51.,0
Shocking News: Aliens Found in USA!,A UFO has landed and aliens were discovered near Area 51.,0
Shocking News: Aliens Found in USA!,A UFO has landed and aliens were discovered near Area 51.,0
Shocking News: Aliens Found in USA!,A UFO has landed and aliens were discovered near Area 51.,0
Shocking News: Aliens Found in USA!,A UFO has landed and aliens were discovered near Area 51.,0
Shocking News: Aliens Found in USA!,A UFO has landed and aliens were discovered near Area 51.,0
Shocking News: Aliens Found in USA!,A UFO has landed and aliens were discovered near Area 51.,0
Shocking News: Aliens Found in USA!,A UFO has landed and aliens were discovered near Area 51.,0
Shocking News: Aliens Found in USA!,A UFO has landed and aliens were discovered near Area 51.,0
Shocking News: Aliens Found in USA!,A UFO has landed and aliens were discovered near Area 51.,0
Shocking News: Aliens Found in USA!,A UFO has landed and aliens were discovered near Area 51.,0
Shocking News: Aliens Found in USA!,A UFO has landed and aliens were discovered near Area 51.,0
Shocking News: Aliens Found in USA!,A UFO has landed and aliens were discovered near Area 51.,0
Shocking News: Aliens Found in USA!,A UFO has landed and aliens were discovered near Area 51.,0
Shocking News: Aliens Found in USA!,A UFO has landed and aliens were discovered near Area 51.,0
Shocking News: Aliens Found in USA!,A UFO has landed and aliens were discovered near Area 51.,0
Shocking News: Aliens Found in USA!,A UFO has landed and aliens were discovered near Area 51.,0
Shocking News: Aliens Found in USA!,A UFO has landed and aliens were discovered near Area 51.,0
Shocking News: Aliens Found in USA!,A UFO has landed and aliens were discovered near Area 51.,0
Shocking News: Aliens Found in USA!,A UFO has landed and aliens were discovered near Area 51.,0
Shocking News: Aliens Found in USA!,A UFO has landed and aliens were discovered near Area 51.,0
Shocking News: Aliens Found in USA!,A UFO has landed and aliens were discovered near Area 51.,0
Shocking News: Aliens Found in USA!,A UFO has landed and aliens were discovered near Area 51.,0
Shocking News: Aliens Found in USA!,A UFO has landed and aliens were discovered near Area 51.,0
Shocking News: Aliens Found in USA!,A UFO has landed and aliens were discovered near Area 51.,0
Shocking News: Aliens Found in USA!,A UFO has landed and aliens were discovered near Area 51.,0
Shocking News: Aliens Found in USA!,A UFO has landed and aliens were discovered near Area 51.,0
Shocking News: Aliens Found in USA!,A UFO has landed and aliens were discovered near Area 51.,0
Shocking News: Aliens Found in USA!,A UFO has landed and aliens were discovered near Area 51.,0
Shocking News: Aliens Found in USA!,A UFO has landed and aliens were discovered near Area 51.,0
Shocking News: Aliens Found in USA!,A UFO has landed and aliens were discovered near Area 51.,0
Shocking News: Aliens Found in USA!,A UFO has landed and aliens were discovered near Area 51.,0
Shocking News: Aliens Found in USA!,A UFO has landed and aliens were discovered near Area 51.,0
Shocking News: Aliens Found in USA!,A UFO has landed and aliens were discovered near Area 51.,0
Shocking News: Aliens Found in USA!,A UFO has landed and aliens were discovered near Area 51.,0
Shocking News: Aliens Found in USA!,A UFO has landed and aliens were discovered near Area 51.,0
Shocking News: Aliens Found in USA!,A UFO has landed and aliens were discovered near Area 51.,0
Shocking News: Aliens Found in USA!,A UFO has landed and aliens were discovered near Area 51.,0
Shocking News: Aliens Found in USA!,A UFO has landed and aliens were discovered near Area 51.,0
Shocking News: Aliens Found in USA!,A UFO has landed and aliens were discovered near Area 51.,0
Shocking News: Aliens Found in USA!,A UFO has landed and aliens were discovered near Area 51.,0
Shocking News: Aliens Found in USA!,A UFO has landed and aliens were discovered near Area 51.,0
Shocking News: Aliens Found in USA!,A UFO has landed and aliens were discovered near Area 51.,0
Shocking News: Aliens Found in USA!,A UFO has landed and aliens were discovered near Area 51.,0
Shocking News: Aliens Found in USA!,A UFO has landed and aliens were discovered near Area 51.,0
Shocking News: Aliens Found in USA!,A UFO has landed and aliens were discovered near Area 51.,0
Shocking News: Aliens Found in USA!,A UFO has landed and aliens were discovered near Area 51.,0
Shocking News: Aliens Found in USA!,A UFO has landed and aliens were discovered near Area 51.,0
Shocking News: Aliens Found in USA!,A UFO has landed and aliens were discovered near Area 51.,0
Shocking News: Aliens Found in USA!,A UFO has landed and aliens were discovered near Area 51.,0
Shocking News: Aliens Found in USA!,A UFO has landed and aliens were discovered near Area 51.,0
Shocking News: Aliens Found in USA!,A UFO has landed and aliens were discovered near Area 51.,0
Shocking News: Aliens Found in USA!,A UFO has landed and aliens were discovered near Area 51.,0
Shocking News: Aliens Found in USA!,A UFO has landed and aliens were discovered near Area 51.,0
Shocking News: Aliens Found in USA!,A UFO has landed and aliens were discovered near Area 51.,0
Shocking News: Aliens Found in USA!,A UFO has landed and aliens were discovered near Area 51.,0
Shocking News: Aliens Found in USA!,A UFO has landed and aliens were discovered near Area 51.,0
Shocking News: Aliens Found in USA!,A UFO has landed and aliens were discovered near Area 51.,0
Shocking News: Aliens Found in USA!,A UFO has landed and aliens were discovered near Area 51.,0
Shocking News: Aliens Found in USA!,A UFO has landed and aliens were discovered near Area 51.,0
Shocking News: Aliens Found in USA!,A UFO has landed and aliens were discovered near Area 51.,0
Shocking News: Aliens Found in USA!,A UFO has landed and aliens were discovered near Area 51.,0
Shocking News: Aliens Found in USA!,A UFO has landed and aliens were discovered near Area 51.,0
Shocking News: Aliens Found in USA!,A UFO has landed and aliens were discovered near Area 51.,0
Shocking News: Aliens Found in USA!,A UFO has landed and aliens were discovered near Area 51.,0
Shocking News: Aliens Found in USA!,A UFO has landed and aliens were discovered near Area 51.,0
Shocking News: Aliens Found in USA!,A UFO has landed and aliens were discovered near Area 51.,0
Shocking News: Aliens Found in USA!,A UFO has landed and aliens were discovered near Area 51.,0
Shocking News: Aliens Found in USA!,A UFO has landed and aliens were discovered near Area 51.,0
Shocking News: Aliens Found in USA!,A UFO has landed and aliens were discovered near Area 51.,0
Shocking News: Aliens Found in USA!,A UFO has landed and aliens were discovered near Area 51.,0
Shocking News: Aliens Found in USA!,A UFO has landed and aliens were discovered near Area 51.,0
Shocking News: Aliens Found in USA!,A UFO has landed and aliens were discovered near Area 51.,0
Shocking News: Aliens Found in USA!,A UFO has landed and aliens were discovered near Area 51.,0
Shocking News: Aliens Found in USA!,A UFO has landed and aliens were discovered near Area 51.,0
Shocking News: Aliens Found in USA!,A UFO has landed and aliens were discovered near Area 51.,0
Shocking News: Aliens Found in USA!,A UFO has landed and aliens were discovered near Area 51.,0
Shocking News: Aliens Found in USA!,A UFO has landed and aliens were discovered near Area 51.,0
Shocking News: Aliens Found in USA!,A UFO has landed and aliens were discovered near Area 51.,0
Shocking News: Aliens Found in USA!,A UFO has landed and aliens were discovered near Area 51.,0
Shocking News: Aliens Found in USA!,A UFO has landed and aliens were discovered near Area 51.,0
Shocking News: Aliens Found in USA!,A UFO has landed and aliens were discovered near Area 51.,0
Shocking News: Aliens Found in USA!,A UFO has landed and aliens were discovered near Area 51.,0
Shocking News: Aliens Found in USA!,A UFO has landed and aliens were discovered near Area 51.,0
Shocking News: Aliens Found in USA!,A UFO has landed and aliens were discovered near Area 51.,0
